{
    "inputs" : [
        {
            "creationTimeStamp" : "2024-05-29T17:50:42.401Z",
            "modifiedTimeStamp" : "2024-05-29T17:53:26.496Z",
            "createdBy" : "sasadm",
            "modifiedBy" : "sasadm",
            "id" : "63444b7c-e1a7-4bcf-8bc0-dc8ac9003300",
            "direction" : "inOut",
            "name" : "client_id",
            "dataType" : "integer",
            "description" : "",
            "generateDataGridColumns" : false
        }
    ],
    "outputs" : [
        {
            "creationTimeStamp" : "2024-05-29T17:50:42.402Z",
            "modifiedTimeStamp" : "2024-05-29T17:53:26.496Z",
            "createdBy" : "sasadm",
            "modifiedBy" : "sasadm",
            "id" : "2d1c7242-bbb9-47af-aa9f-b91161c1f567",
            "direction" : "output",
            "name" : "Email",
            "dataType" : "string",
            "generateDataGridColumns" : false
        },
        {
            "creationTimeStamp" : "2024-05-29T17:50:42.402Z",
            "modifiedTimeStamp" : "2024-05-29T17:53:26.496Z",
            "createdBy" : "sasadm",
            "modifiedBy" : "sasadm",
            "id" : "f66758b7-d44f-4433-9f24-536b5261c7ad",
            "direction" : "output",
            "name" : "Nome",
            "dataType" : "string",
            "generateDataGridColumns" : false
        },
        {
            "creationTimeStamp" : "2024-05-29T17:50:42.402Z",
            "modifiedTimeStamp" : "2024-05-29T17:53:26.496Z",
            "createdBy" : "sasadm",
            "modifiedBy" : "sasadm",
            "id" : "8bc68031-5b94-45ad-bf66-466644508952",
            "direction" : "output",
            "name" : "Telefone",
            "dataType" : "string",
            "generateDataGridColumns" : false
        },
        {
            "creationTimeStamp" : "2024-05-29T17:50:42.401Z",
            "modifiedTimeStamp" : "2024-05-29T17:53:26.496Z",
            "createdBy" : "sasadm",
            "modifiedBy" : "sasadm",
            "id" : "63444b7c-e1a7-4bcf-8bc0-dc8ac9003300",
            "direction" : "inOut",
            "name" : "client_id",
            "dataType" : "integer",
            "description" : "",
            "generateDataGridColumns" : false
        }
    ]
}